<?xml version="1.0" encoding="UTF-8"?>
<layout>

    <VSNode splits="0.375 0.625">

        <CNode>
            <Component label="Data property hierarchy">
                <Property id="pluginId" value="org.protege.editor.owl.OWLDataPropertyTree"/>
            </Component>
        </CNode>

        <HSNode splits="0.375 0.625">

            <CNode>
                <Component label="Annotations">
                    <Property id="pluginId" value="org.protege.editor.owl.OWLDataPropertyAnnotations"/>
                </Component>
                <Component label="Usage">
                    <Property id="pluginId" value="org.protege.editor.owl.OWLDataPropertyUsageView"/>
                </Component>
            </CNode>

            <VSNode splits="0.3 0.7">
                <CNode>
                    <Component label="Characteristics">
                        <Property id="pluginId" value="org.protege.editor.owl.OWLDataPropertyCharacteristics"/>
                    </Component>
                </CNode>
                <CNode>
                    <Component label="Description">
                        <Property id="pluginId" value="org.protege.editor.owl.OWLDataPropertyDescription"/>
                    </Component>
                </CNode>

            </VSNode>


        </HSNode>

    </VSNode>

</layout>